auction_id,auction_description,round,item_name,item_description,pwb_amount,net_pwb_amount,pw_bidder,round_of_pwb,previous_pw_bidder,round_of_previous_pwb,previous_pwb_amount,previous_net_pwb_amount
5,Broadband PCS C Block,184,1,"Aberdeen, SD",549,412,MCG       ,78,,,,
5,Broadband PCS C Block,184,2,"Aberdeen, WA",629,472,CookWest  ,117,,,,
5,Broadband PCS C Block,184,3,"Abilene, TX","5,366","4,025",PokaLam   ,76,,,,
5,Broadband PCS C Block,184,4,"Ada, OK","1,044",783,OnQue     ,101,,,,
5,Broadband PCS C Block,184,5,"Adrian, MI",935,701,DCR       ,58,,,,
5,Broadband PCS C Block,184,6,"Albany, GA","6,453","4,840",Enterprise,50,,,,
5,Broadband PCS C Block,184,7,"Albany, NY","45,362","34,022",NextWave  ,91,,,,
5,Broadband PCS C Block,184,8,"Albuquerque, NM","34,310","25,733",BDPCS     ,84,,,,
5,Broadband PCS C Block,184,9,"Alexandria, LA","6,974","5,231",Wire2000  ,69,,,,
5,Broadband PCS C Block,184,10,"Allentown, PA","24,278","18,209",NextWave  ,75,,,,
5,Broadband PCS C Block,184,11,"Alpena, MI",634,476,NMich     ,66,,,,
5,Broadband PCS C Block,184,12,"Altoona, PA","2,958","2,219",LongSt    ,151,,,,
5,Broadband PCS C Block,184,13,"Amarillo, TX","9,670","7,253",Omnipoint ,77,,,,
5,Broadband PCS C Block,184,492,American Samoa,548,411,NationalP ,117,,,,
5,Broadband PCS C Block,184,14,"Anchorage, AK","6,563","4,922",Americall ,79,,,,
5,Broadband PCS C Block,184,15,"Anderson, IN","2,778","2,084",ComVent   ,74,,,,
5,Broadband PCS C Block,184,16,"Anderson, SC","11,595","8,696",Carolina  ,87,,,,
5,Broadband PCS C Block,184,17,"Anniston, AL","1,986","1,490",MercuryP  ,73,,,,
5,Broadband PCS C Block,184,18,"Appleton, WI","13,226","9,920",WirePCS   ,70,,,,
5,Broadband PCS C Block,184,19,"Ardmore, OK","2,205","1,654",OnQue     ,124,,,,
5,Broadband PCS C Block,184,20,"Asheville, NC","10,302","7,727",NextWave  ,73,,,,
5,Broadband PCS C Block,184,21,"Ashtabula, OH","1,200",900,WireVent  ,168,,,,
5,Broadband PCS C Block,184,22,"Athens, GA","7,938","5,954",GWI       ,89,,,,
5,Broadband PCS C Block,184,23,"Athens, OH","1,809","1,357",Chillicoth,62,,,,
5,Broadband PCS C Block,184,24,"Atlanta, GA","265,536","199,152",GWI       ,68,,,,
5,Broadband PCS C Block,184,25,"Atlantic City, NJ","19,500","14,625",Omnipoint ,87,,,,
5,Broadband PCS C Block,184,26,"Augusta, GA","17,423","13,067",Savannah  ,40,,,,
5,Broadband PCS C Block,184,27,"Austin, TX","65,590","49,193",NextWave  ,77,,,,
5,Broadband PCS C Block,184,28,"Bakersfield, CA","35,922","26,942",PCS2000   ,103,,,,
5,Broadband PCS C Block,184,29,"Baltimore, MD","125,512","94,134",NextWave  ,30,,,,
5,Broadband PCS C Block,184,30,"Bangor, ME","5,507","4,130",PerComN   ,74,,,,
5,Broadband PCS C Block,184,31,"Bartlesville, OK",286,215,CookWest  ,117,,,,
5,Broadband PCS C Block,184,32,"Baton Rouge, LA","34,020","25,515",Meretel   ,64,,,,
5,Broadband PCS C Block,184,33,"Battle Creek, MI","8,379","6,284",DCR       ,76,,,,
5,Broadband PCS C Block,184,34,"Beaumont, TX","20,111","15,083",Meretel   ,67,,,,
5,Broadband PCS C Block,184,35,"Beckley, WV",975,731,Devon     ,89,,,,
5,Broadband PCS C Block,184,36,"Bellingham, WA","6,612","4,959",BDPCS     ,122,,,,
5,Broadband PCS C Block,184,37,"Bemidji, MN",360,270,Integrated,131,,,,
5,Broadband PCS C Block,184,38,"Bend, OR","2,222","1,667",AerForce  ,84,,,,
5,Broadband PCS C Block,184,39,"Benton Harbor, MI","5,608","4,206",R&S       ,90,,,,
5,Broadband PCS C Block,184,40,"Big Spring, TX",868,651,PokaLam   ,79,,,,
5,Broadband PCS C Block,184,41,"Billings, MT","4,281","3,211",Polycell  ,99,,,,
5,Broadband PCS C Block,184,42,"Biloxi, MS","17,046","12,785",TriState  ,53,,,,
5,Broadband PCS C Block,184,43,"Binghamton, NY","9,203","6,902",21Century ,68,,,,
5,Broadband PCS C Block,184,44,"Birmingham, AL","63,000","47,250",MercuryP  ,65,,,,
5,Broadband PCS C Block,184,45,"Bismark, ND",743,557,MCG       ,80,,,,
5,Broadband PCS C Block,184,46,"Bloomington, IL","7,188","5,391",DCR       ,72,,,,
5,Broadband PCS C Block,184,47,"Bloomington, IN","7,573","5,680",NextWave  ,162,,,,
5,Broadband PCS C Block,184,48,"Bluefield, WV","1,945","1,459",Devon     ,79,,,,
5,Broadband PCS C Block,184,49,"Blytheville, AR",629,472,Eldorado  ,83,,,,
5,Broadband PCS C Block,184,50,"Boise, ID","10,323","7,742",PCS2000   ,56,,,,
5,Broadband PCS C Block,184,51,"Boston, MA","308,232","231,174",NextWave  ,44,,,,
5,Broadband PCS C Block,184,52,"Bowling Green, KY","5,045","3,784",SETel     ,70,,,,
5,Broadband PCS C Block,184,53,"Bozeman, MT","2,286","1,715",MountSol  ,170,,,,
5,Broadband PCS C Block,184,54,"Brainerd, MN",444,333,WMinn     ,71,,,,
5,Broadband PCS C Block,184,55,"Bremerton, WA","13,646","10,235",BDPCS     ,120,,,,
5,Broadband PCS C Block,184,56,"Brownsville, TX","17,623","13,217",NextWave  ,143,,,,
5,Broadband PCS C Block,184,57,"Brownwood, TX","1,302",977,Rosas     ,75,,,,
5,Broadband PCS C Block,184,58,"Brunswick, GA","1,643","1,232",KMTel     ,73,,,,
5,Broadband PCS C Block,184,59,"Bryan, TX","5,917","4,438",NextWave  ,122,,,,
5,Broadband PCS C Block,184,60,"Buffalo, NY","45,768","34,326",Omnipoint ,44,,,,
5,Broadband PCS C Block,184,61,"Burlington, IA",793,595,BRK       ,69,,,,
5,Broadband PCS C Block,184,62,"Burlington, NC","2,226","1,670",UrbanC    ,72,,,,
5,Broadband PCS C Block,184,63,"Burlington, VT","11,628","8,721",PerComN   ,88,,,,
5,Broadband PCS C Block,184,64,"Butte, MT",348,261,MCG       ,84,,,,
5,Broadband PCS C Block,184,65,"Canton, OH","11,983","8,987",R&S       ,72,,,,
5,Broadband PCS C Block,184,66,"Cape Girardeau, MO","3,337","2,503",Roberts   ,92,,,,
5,Broadband PCS C Block,184,67,"Carbondale, IL","3,161","2,371",DCR       ,58,,,,
5,Broadband PCS C Block,184,68,"Carlsbad, NM",695,521,HighCnty  ,94,,,,
5,Broadband PCS C Block,184,69,"Casper, WY","2,042","1,532",HighCnty  ,58,,,,
5,Broadband PCS C Block,184,70,"Cedar Rapids, IA","6,895","5,171",WirePCS   ,62,,,,
5,Broadband PCS C Block,184,71,"Champaign, IL","8,087","6,065",DCR       ,72,,,,
5,Broadband PCS C Block,184,72,"Charleston, SC","33,367","25,025",Carolina  ,63,,,,
5,Broadband PCS C Block,184,73,"Charleston, WV","10,567","7,925",PCSMob    ,87,,,,
5,Broadband PCS C Block,184,74,"Charlotte, NC","111,535","83,651",NextWave  ,71,,,,
5,Broadband PCS C Block,184,75,"Charlottesville, VA","9,887","7,415",Virginia  ,81,,,,
5,Broadband PCS C Block,184,76,"Chattanooga, TN","21,288","15,966",ChaseTel  ,77,,,,
5,Broadband PCS C Block,184,77,"Cheyenne, WY","4,913","3,685",HighCnty  ,106,,,,
5,Broadband PCS C Block,184,78,"Chicago, IL","614,679","461,009",DCR       ,43,,,,
5,Broadband PCS C Block,184,79,"Chico, CA","7,346","5,510",GWI       ,163,,,,
5,Broadband PCS C Block,184,80,"Chillicothe, OH","2,150","1,613",Chillicoth,144,,,,
5,Broadband PCS C Block,184,81,"Cincinnati, OH","92,592","69,444",NextWave  ,40,,,,
5,Broadband PCS C Block,184,82,"Clarksburg, WV","1,051",788,Polycell  ,124,,,,
5,Broadband PCS C Block,184,83,"Clarksville, TN","5,570","4,178",ChaseTel  ,73,,,,
5,Broadband PCS C Block,184,84,"Cleveland, OH","171,588","128,691",NextWave  ,39,,,,
5,Broadband PCS C Block,184,85,"Cleveland, TN",675,506,SComSys   ,77,,,,
5,Broadband PCS C Block,184,86,"Clinton, IA","1,151",863,Polycell  ,82,,,,
5,Broadband PCS C Block,184,87,"Clovis, NM",500,375,PokaWire  ,34,,,,
5,Broadband PCS C Block,184,88,"Coffeyville, KS",581,436,CookWest  ,117,,,,
5,Broadband PCS C Block,184,89,"Colorado Spring, CO","18,157","13,618",BDPCS     ,115,,,,
5,Broadband PCS C Block,184,90,"Columbia, MO","4,691","3,518",DCR       ,91,,,,
5,Broadband PCS C Block,184,91,"Columbia, SC","29,482","22,112",Carolina  ,65,,,,
5,Broadband PCS C Block,184,92,"Columbus, GA","7,020","5,265",R&S       ,70,,,,
5,Broadband PCS C Block,184,93,"Columbus, IN","1,611","1,208",NextWave  ,71,,,,
5,Broadband PCS C Block,184,94,"Columbus, MS","3,125","2,344",TriState  ,104,,,,
5,Broadband PCS C Block,184,95,"Columbus, OH","60,634","45,476",NextWave  ,42,,,,
5,Broadband PCS C Block,184,96,"Cookeville, TN","1,742","1,307",ChaseTel  ,72,,,,
5,Broadband PCS C Block,184,97,"Coos Bay, OH",446,335,Polycell  ,90,,,,
5,Broadband PCS C Block,184,98,"Corbin, KY","2,941","2,206",Kentucky  ,99,,,,
5,Broadband PCS C Block,184,99,"Corpus Christi, TX","13,742","10,307",Americall ,138,,,,
5,Broadband PCS C Block,184,100,"Cumberland, MD","3,355","2,516",AerForce  ,78,,,,
5,Broadband PCS C Block,184,101,"Dallas, TX","388,031","291,023",DCR       ,62,,,,
5,Broadband PCS C Block,184,102,"Dalton, GA","1,628","1,221",SEWire    ,77,,,,
5,Broadband PCS C Block,184,103,"Danville, IL","2,526","1,894",21Century ,66,,,,
5,Broadband PCS C Block,184,104,"Danville, VA","8,713","6,535",SEWire    ,136,,,,
5,Broadband PCS C Block,184,105,"Davenport, IA","18,519","13,889",AerForce  ,167,,,,
5,Broadband PCS C Block,184,106,"Dayton, OH","44,930","33,698",NextWave  ,41,,,,
5,Broadband PCS C Block,184,107,"Daytona Beach, FL","24,468","18,351",AerForce  ,118,,,,
5,Broadband PCS C Block,184,108,"Decatur, AL","3,868","2,901",MercuryP  ,77,,,,
5,Broadband PCS C Block,184,109,"Decatur, IL","8,190","6,143",DCR       ,72,,,,
5,Broadband PCS C Block,184,110,"Denver, CO","161,548","121,161",BDPCS     ,67,,,,
5,Broadband PCS C Block,184,111,"Des Moines, IA","25,553","19,165",AerForce  ,84,,,,
5,Broadband PCS C Block,184,112,"Detroit, MI","230,318","172,739",DCR       ,55,,,,
5,Broadband PCS C Block,184,113,"Dickinson, ND",274,206,MCG       ,91,,,,
5,Broadband PCS C Block,184,114,"Dodge City, KS",137,102,Cellutech ,104,,,,
5,Broadband PCS C Block,184,115,"Dothan, AL","6,024","4,518",Enterprise,82,,,,
5,Broadband PCS C Block,184,116,"Dover, DE","11,731","8,798",Omnipoint ,114,,,,
5,Broadband PCS C Block,184,117,"Du Bois, PA","2,209","1,657",Devon     ,84,,,,
5,Broadband PCS C Block,184,118,"Dubuque, IA","7,104","5,328",AerForce  ,82,,,,
5,Broadband PCS C Block,184,119,"Duluth, MN","5,377","4,033",RLV       ,88,,,,
5,Broadband PCS C Block,184,120,"Dyersburg, TN","1,651","1,238",ChaseTel  ,92,,,,
5,Broadband PCS C Block,184,121,"Eagle Pass, TX","1,255",941,Rosas     ,96,,,,
5,Broadband PCS C Block,184,122,"East Liverpool, OH",780,585,Americall ,89,,,,
5,Broadband PCS C Block,184,123,"Eau Claire, WI","4,199","3,149",WirePCS   ,66,,,,
5,Broadband PCS C Block,184,124,"El Centro, CA","7,150","5,363",CHPCS     ,165,,,,
5,Broadband PCS C Block,184,125,"El Dorado, AR","1,128",846,Eldorado  ,105,,,,
5,Broadband PCS C Block,184,128,"El Paso, TX","34,330","25,748",NextWave  ,118,,,,
5,Broadband PCS C Block,184,126,"Elkhart, IN","8,827","6,620",R&S       ,92,,,,
5,Broadband PCS C Block,184,127,"Elmira, NY","5,551","4,163",PerComN   ,53,,,,
5,Broadband PCS C Block,184,129,"Emporia, KS","1,066",800,Kansas    ,68,,,,
5,Broadband PCS C Block,184,130,"Enid, OK",381,286,NationalH ,103,,,,
5,Broadband PCS C Block,184,131,"Erie, PA","9,161","6,871",R&S       ,93,,,,
5,Broadband PCS C Block,184,132,"Escanaba, MI","1,677","1,258",NMich     ,146,,,,
5,Broadband PCS C Block,184,133,"Eugene, OR","9,232","6,924",BDPCS     ,93,,,,
5,Broadband PCS C Block,184,134,"Eureka, CA","1,575","1,181",PCS2000   ,46,,,,
5,Broadband PCS C Block,184,135,"Evansville, IN","9,234","6,926",NextWave  ,157,,,,
5,Broadband PCS C Block,184,136,"Fairbanks, AK",750,563,Americall ,76,,,,
5,Broadband PCS C Block,184,137,"Fairmont, WV",702,527,Quantum   ,136,,,,
5,Broadband PCS C Block,184,138,"Fargo, ND","9,035","6,776",NDakota   ,78,,,,
5,Broadband PCS C Block,184,139,"Farmington, NM","5,629","4,222",PCSPlus   ,119,,,,
5,Broadband PCS C Block,184,140,"Fayetteville, AR","3,043","2,282",DCR       ,63,,,,
5,Broadband PCS C Block,184,141,"Fayetteville, NC","13,127","9,845",UrbanC    ,66,,,,
5,Broadband PCS C Block,184,142,"Fergus Falls, MN",703,527,WMinn     ,66,,,,
5,Broadband PCS C Block,184,143,"Findlay, OH","2,662","1,996",Miccom    ,61,,,,
5,Broadband PCS C Block,184,144,"Flagstaff, AZ","4,675","3,506",CHPCS     ,119,,,,
5,Broadband PCS C Block,184,145,"Flint, MI","11,487","8,615",DCR       ,64,,,,
5,Broadband PCS C Block,184,146,"Florence, AL","3,996","2,997",ChaseTel  ,89,,,,
5,Broadband PCS C Block,184,147,"Florence, SC","4,393","3,295",Carolina  ,67,,,,
5,Broadband PCS C Block,184,148,"Fond du Lac, WI","2,369","1,777",WirePCS   ,74,,,,
5,Broadband PCS C Block,184,156,"Fredericksburg, VA","8,163","6,122",AerForce  ,163,,,,
5,Broadband PCS C Block,184,157,"Fresno, CA","62,702","47,027",PCS2000   ,85,,,,
5,Broadband PCS C Block,184,149,"Ft Collins, CO","9,450","7,088",BDPCS     ,84,,,,
5,Broadband PCS C Block,184,150,"Ft Dodge, IA",692,519,BRK       ,62,,,,
5,Broadband PCS C Block,184,151,"Ft Myers, FL","26,732","20,049",GWI       ,78,,,,
5,Broadband PCS C Block,184,152,"Ft Pierce, FL","14,386","10,790",GWI       ,74,,,,
5,Broadband PCS C Block,184,153,"Ft Smith, AR","6,214","4,661",DCR       ,101,,,,
5,Broadband PCS C Block,184,154,"Ft Walton Beach, FL","7,079","5,309",TriState  ,66,,,,
5,Broadband PCS C Block,184,155,"Ft Wayne, IN","26,173","19,630",ComVent   ,74,,,,
5,Broadband PCS C Block,184,158,"Gadsden, AL","2,141","1,606",MercuryP  ,79,,,,
5,Broadband PCS C Block,184,159,"Gainesville, FL","9,525","7,144",NextWave  ,54,,,,
5,Broadband PCS C Block,184,160,"Gainesville, GA","5,502","4,127",GWI       ,82,,,,
5,Broadband PCS C Block,184,161,"Galesburg, IL",623,467,BRK       ,91,,,,
5,Broadband PCS C Block,184,162,"Gallup, NM","2,423","1,817",PCSPlus   ,109,,,,
5,Broadband PCS C Block,184,163,"Garden City, KS",486,365,TWS       ,31,,,,
5,Broadband PCS C Block,184,164,"Glens Falls, NY","2,200","1,650",WireVent  ,133,,,,
5,Broadband PCS C Block,184,165,"Goldsboro, NC","2,426","1,820",UrbanC    ,69,,,,
5,Broadband PCS C Block,184,166,"Grand Forks, ND","2,532","1,899",NDakota   ,145,,,,
5,Broadband PCS C Block,184,167,"Grand Island, NE","5,930","4,448",21Century ,86,,,,
5,Broadband PCS C Block,184,168,"Grand Junction, CO","6,506","4,880",MountSol  ,118,,,,
5,Broadband PCS C Block,184,169,"Grand Rapids, MI","40,357","30,268",DCR       ,73,,,,
5,Broadband PCS C Block,184,170,"Great Bend, KS",255,191,FAMS      ,103,,,,
5,Broadband PCS C Block,184,171,"Great Falls, MT",853,640,MCG       ,84,,,,
5,Broadband PCS C Block,184,172,"Greeley, CO","5,121","3,841",MountSol  ,114,,,,
5,Broadband PCS C Block,184,173,"Green Bay, WI","10,815","8,111",WirePCS   ,71,,,,
5,Broadband PCS C Block,184,174,"Greensboro, NC","66,239","49,679",NextWave  ,71,,,,
5,Broadband PCS C Block,184,175,"Greenville, MS","1,419","1,064",MCG       ,152,,,,
5,Broadband PCS C Block,184,176,"Greenville, NC","2,567","1,925",UrbanC    ,69,,,,
5,Broadband PCS C Block,184,177,"Greenville, SC","33,066","24,800",Carolina  ,44,,,,
5,Broadband PCS C Block,184,178,"Greenwood, SC",754,566,Carolina  ,67,,,,
5,Broadband PCS C Block,184,490,Guam,"1,431","1,073",DCR       ,49,,,,
5,Broadband PCS C Block,184,179,"Hagerstown, MD","7,513","5,635",NextWave  ,73,,,,
5,Broadband PCS C Block,184,180,"Hammond, LA","3,288","2,466",Meretel   ,79,,,,
5,Broadband PCS C Block,184,181,"Harrisburg, PA","23,277","17,458",Omnipoint ,69,,,,
5,Broadband PCS C Block,184,182,"Harrison, AR",526,395,PCSPlus   ,89,,,,
5,Broadband PCS C Block,184,183,"Harrisonburg, VA","2,417","1,812",Devon     ,66,,,,
5,Broadband PCS C Block,184,184,"Hartford, CT","68,429","51,322",Fortunet  ,115,,,,
5,Broadband PCS C Block,184,185,"Hastings, NE","1,240",930,UsaMicro  ,118,,,,
5,Broadband PCS C Block,184,186,"Hattiesburg, MS","5,935","4,451",TriState  ,87,,,,
5,Broadband PCS C Block,184,187,"Hays, KS",656,492,MountSol  ,88,,,,
5,Broadband PCS C Block,184,188,"Helena, MT","1,544","1,158",MountSol  ,132,,,,
5,Broadband PCS C Block,184,189,"Hickory, NC","4,705","3,529",NextWave  ,77,,,,
5,Broadband PCS C Block,184,190,"Hilo, HI","4,815","3,611",DCR       ,159,,,,
5,Broadband PCS C Block,184,191,"Hobbs, NM",594,446,PokaWire  ,30,,,,
5,Broadband PCS C Block,184,192,"Honolulu, HI","71,459","53,594",DCR       ,59,,,,
5,Broadband PCS C Block,184,193,"Hot Springs, AR","2,515","1,886",PCSPlus   ,93,,,,
5,Broadband PCS C Block,184,194,"Houghton, MI",241,180,NMich     ,68,,,,
5,Broadband PCS C Block,184,195,"Houma, LA","8,854","6,641",DCR       ,80,,,,
5,Broadband PCS C Block,184,196,"Houston, TX","264,633","198,475",NextWave  ,32,,,,
5,Broadband PCS C Block,184,197,"Huntington, WV","6,630","4,973",Chillicoth,98,,,,
5,Broadband PCS C Block,184,198,"Huntsville, AL","17,455","13,091",MercuryP  ,77,,,,
5,Broadband PCS C Block,184,199,"Huron, SD",512,384,MCG       ,130,,,,
5,Broadband PCS C Block,184,200,"Hutchinson, KS",588,441,Kansas    ,100,,,,
5,Broadband PCS C Block,184,201,"Hyannis, MA","12,000","9,000",Alpine    ,135,,,,
5,Broadband PCS C Block,184,202,"Idaho Falls, ID","5,921","4,441",HighCnty  ,75,,,,
5,Broadband PCS C Block,184,203,"Indiana, PA","1,435","1,076",Devon     ,89,,,,
5,Broadband PCS C Block,184,204,"Indianapolis, IN","96,609","72,457",NextWave  ,62,,,,
5,Broadband PCS C Block,184,205,"Iowa City, IA","3,419","2,564",AerForce  ,82,,,,
5,Broadband PCS C Block,184,206,"Iron Mountain, MI",425,319,NMich     ,98,,,,
5,Broadband PCS C Block,184,207,"Ironwood, MI",264,198,NMich     ,72,,,,
5,Broadband PCS C Block,184,208,"Ithaca, NY","3,100","2,325",21Century ,140,,,,
5,Broadband PCS C Block,184,209,"Jackson, MI","2,632","1,974",DCR       ,58,,,,
5,Broadband PCS C Block,184,210,"Jackson, MS","24,168","18,126",21Century ,72,,,,
5,Broadband PCS C Block,184,211,"Jackson, TN","3,843","2,882",ChaseTel  ,76,,,,
5,Broadband PCS C Block,184,212,"Jacksonville, FL","50,994","38,246",NextWave  ,52,,,,
5,Broadband PCS C Block,184,213,"Jacksonville, IL",400,300,Quantum   ,67,,,,
5,Broadband PCS C Block,184,214,"Jacksonville, NC","3,051","2,288",UrbanC    ,76,,,,
5,Broadband PCS C Block,184,215,"Jamestown, NY","5,058","3,794",NEngldW   ,66,,,,
5,Broadband PCS C Block,184,216,"Janesville, WI","6,487","4,865",WirePCS   ,74,,,,
5,Broadband PCS C Block,184,217,"Jefferson City, MO","2,830","2,123",Roberts   ,92,,,,
5,Broadband PCS C Block,184,218,"Johnstown, PA","3,307","2,480",MCG       ,80,,,,
5,Broadband PCS C Block,184,219,"Jonesboro, AR","2,471","1,853",DCR       ,93,,,,
5,Broadband PCS C Block,184,220,"Joplin, MO","3,824","2,868",NextWave  ,141,,,,
5,Broadband PCS C Block,184,221,"Juneau, AK",830,623,Loralen   ,81,,,,
5,Broadband PCS C Block,184,222,"Kahului, HI","10,336","7,752",CHPCS     ,171,,,,
5,Broadband PCS C Block,184,223,"Kalamazoo, MI","11,204","8,403",DCR       ,60,,,,
5,Broadband PCS C Block,184,224,"Kalispell, MT",954,716,MountSol  ,128,,,,
5,Broadband PCS C Block,184,225,"Kankakee, IL","1,216",912,DCR       ,43,,,,
5,Broadband PCS C Block,184,226,"Kansas City, MO","79,112","59,334",NextWave  ,58,,,,
5,Broadband PCS C Block,184,227,"Keene, NH","5,060","3,795",NEngldW   ,75,,,,
5,Broadband PCS C Block,184,228,"Kenewick, WA","1,917","1,438",OnQue     ,171,,,,
5,Broadband PCS C Block,184,229,"Kingsport, TN","11,366","8,525",ChaseTel  ,74,,,,
5,Broadband PCS C Block,184,230,"Kirksville, MO",383,287,RFW       ,98,,,,
5,Broadband PCS C Block,184,231,"Klamath Falls, OR",612,459,Polycell  ,90,,,,
5,Broadband PCS C Block,184,232,"Knoxville, TN","31,820","23,865",ChaseTel  ,59,,,,
5,Broadband PCS C Block,184,233,"Kokomo, IN","5,236","3,927",21Century ,73,,,,
5,Broadband PCS C Block,184,234,"La Crosse, WI","8,774","6,581",WirePCS   ,98,,,,
5,Broadband PCS C Block,184,237,"La Grange, GA","1,153",865,Enterprise,89,,,,
5,Broadband PCS C Block,184,235,"Lafayette, IN","12,278","9,209",NextWave  ,122,,,,
5,Broadband PCS C Block,184,236,"Lafayette, LA","20,354","15,266",Meretel   ,86,,,,
5,Broadband PCS C Block,184,238,"Lake Charles, LA","7,009","5,257",Wire2000  ,94,,,,
5,Broadband PCS C Block,184,239,"Lakeland, FL","25,121","18,841",NextWave  ,164,,,,
5,Broadband PCS C Block,184,240,"Lancaster, PA","17,598","13,198",PCSOne    ,72,,,,
5,Broadband PCS C Block,184,241,"Lansing, MI","22,271","16,703",Anishnabe ,75,,,,
5,Broadband PCS C Block,184,242,"Laredo, TX","9,066","6,800",Americall ,138,,,,
5,Broadband PCS C Block,184,244,"Las Crucues, NM","9,708","7,281",NextWave  ,153,,,,
5,Broadband PCS C Block,184,243,"Las Salle, IL","2,574","1,931",DCR       ,67,,,,
5,Broadband PCS C Block,184,245,"Las Vegas, NV","76,158","57,119",DCR       ,72,,,,
5,Broadband PCS C Block,184,246,"Laurel, MS","1,512","1,134",TriState  ,69,,,,
5,Broadband PCS C Block,184,247,"Lawrence, KS","3,988","2,991",MountSol  ,116,,,,
5,Broadband PCS C Block,184,248,"Lawton, OK","2,408","1,806",Comtel    ,86,,,,
5,Broadband PCS C Block,184,249,"Lebanon, NH","5,935","4,451",Omnipoint ,68,,,,
5,Broadband PCS C Block,184,250,"Lewiston, ID",716,537,PCS2000   ,71,,,,
5,Broadband PCS C Block,184,251,"Lewiston, ME","6,168","4,626",PerComN   ,77,,,,
5,Broadband PCS C Block,184,252,"Lexington, KY","24,062","18,047",NextWave  ,62,,,,
5,Broadband PCS C Block,184,253,"Liberal, KS",425,319,Global    ,91,,,,
5,Broadband PCS C Block,184,254,"Lihue, HI","3,350","2,513",NWaveP    ,75,,,,
5,Broadband PCS C Block,184,255,"Lima, OH","4,568","3,426",DCR       ,72,,,,
5,Broadband PCS C Block,184,256,"Lincoln, NE","10,210","7,658",21Century ,75,,,,
5,Broadband PCS C Block,184,257,"Little Rock, AR","30,147","22,610",DCR       ,58,,,,
5,Broadband PCS C Block,184,258,"Logan, UT",369,277,PCS2000   ,71,,,,
5,Broadband PCS C Block,184,259,"Logan, WV",852,639,Devon     ,137,,,,
5,Broadband PCS C Block,184,260,"Longview, TX","5,412","4,059",DCR       ,74,,,,
5,Broadband PCS C Block,184,261,"Longview, WA","3,904","2,928",BDPCS     ,126,,,,
5,Broadband PCS C Block,184,262,"Los Angeles, CA","884,730","663,548",NextWave  ,44,,,,
5,Broadband PCS C Block,184,263,"Louisville, KY","73,802","55,352",NextWave  ,62,,,,
5,Broadband PCS C Block,184,264,"Lubbock, TX","5,847","4,385",PokaLam   ,48,,,,
5,Broadband PCS C Block,184,265,"Lufkin, TX","3,787","2,840",Meretel   ,105,,,,
5,Broadband PCS C Block,184,266,"Lynchburg, VA","8,192","6,144",SEWire    ,138,,,,
5,Broadband PCS C Block,184,271,"Macon, GA","15,600","11,700",Georgia   ,76,,,,
5,Broadband PCS C Block,184,272,"Madison, WI","23,008","17,256",WirePCS   ,78,,,,
5,Broadband PCS C Block,184,273,"Madisonville, KY",923,692,SETel     ,100,,,,
5,Broadband PCS C Block,184,275,"Manahattan, KS","3,880","2,910",MountSol  ,99,,,,
5,Broadband PCS C Block,184,274,"Manchester, NH","25,470","19,103",NextWave  ,44,,,,
5,Broadband PCS C Block,184,276,"Manitowoc, WI","2,112","1,584",WirePCS   ,109,,,,
5,Broadband PCS C Block,184,277,"Mankato, MN","5,622","4,217",Fortunet  ,57,,,,
5,Broadband PCS C Block,184,278,"Mansfield, OH","7,388","5,541",R&S       ,149,,,,
5,Broadband PCS C Block,184,279,"Marinette, WI","2,139","1,604",Fortunet  ,157,,,,
5,Broadband PCS C Block,184,280,"Marion, IN","3,166","2,374",21Century ,60,,,,
5,Broadband PCS C Block,184,281,"Marion, OH","1,615","1,211",Miccom    ,170,,,,
5,Broadband PCS C Block,184,282,"Marquette, MI","1,670","1,253",NMich     ,142,,,,
5,Broadband PCS C Block,184,283,"Marshalltown, IA",497,373,BRK       ,92,,,,
5,Broadband PCS C Block,184,284,"Martinsville, VA","1,912","1,434",Devon     ,144,,,,
5,Broadband PCS C Block,184,285,"Mason City, IA",735,551,BRK       ,66,,,,
5,Broadband PCS C Block,184,286,"Mattoon, IL",579,434,Quantum   ,84,,,,
5,Broadband PCS C Block,184,489,"Mayaguez, PR","39,200","29,400",PCS2000   ,59,,,,
5,Broadband PCS C Block,184,267,"McAlester, OK","1,032",774,OnQue     ,101,,,,
5,Broadband PCS C Block,184,268,"McAllen, TX","23,784","17,838",NextWave  ,132,,,,
5,Broadband PCS C Block,184,269,"McComb, MS","3,232","2,424",Reserve   ,88,,,,
5,Broadband PCS C Block,184,270,"McCook, NE",896,672,21Century ,65,,,,
5,Broadband PCS C Block,184,287,"Meadville, PA","1,791","1,343",Devon     ,106,,,,
5,Broadband PCS C Block,184,288,"Medford, OR","5,713","4,285",Americall ,121,,,,
5,Broadband PCS C Block,184,289,"Melbourne, FL","18,722","14,042",NextWave  ,71,,,,
5,Broadband PCS C Block,184,290,"Memphis, TN","69,770","52,328",ChaseTel  ,66,,,,
5,Broadband PCS C Block,184,291,"Merced, CA","4,710","3,533",PCS2000   ,74,,,,
5,Broadband PCS C Block,184,292,"Meridian, MS","8,993","6,745",TriState  ,52,,,,
5,Broadband PCS C Block,184,293,"Miami, FL","266,654","199,991",GWI       ,55,,,,
5,Broadband PCS C Block,184,294,"Michigan City, IN","1,182",887,DCR       ,58,,,,
5,Broadband PCS C Block,184,295,"Middlesboro, KY","2,242","1,682",ChaseTel  ,73,,,,
5,Broadband PCS C Block,184,296,"Midland, TX","3,104","2,328",PokaLam   ,76,,,,
5,Broadband PCS C Block,184,297,"Milwaukee, WI","80,002","60,002",Indus     ,28,,,,
5,Broadband PCS C Block,184,298,"Minneapolis, MN","171,658","128,744",BDPCS     ,63,,,,
5,Broadband PCS C Block,184,299,"Minot, ND",336,252,MCG       ,84,,,,
5,Broadband PCS C Block,184,300,"Missoula, MT","1,052",789,UsaMicro  ,90,,,,
5,Broadband PCS C Block,184,301,"Mitchell, SD",532,399,MCG       ,132,,,,
5,Broadband PCS C Block,184,302,"Mobile, AL","36,157","27,118",TriState  ,71,,,,
5,Broadband PCS C Block,184,303,"Modesto, CA","16,427","12,320",PCS2000   ,103,,,,
5,Broadband PCS C Block,184,304,"Monroe, LA","8,789","6,592",Wire2000  ,87,,,,
5,Broadband PCS C Block,184,305,"Montgomery, AL","17,991","13,493",Alabama   ,74,,,,
5,Broadband PCS C Block,184,306,"Morgantown, WV",772,579,MCG       ,89,,,,
5,Broadband PCS C Block,184,307,"Mt Pleasant, MI","1,225",919,Anishnabe ,82,,,,
5,Broadband PCS C Block,184,308,"Mt Vernon, IL","1,804","1,353",DCR       ,80,,,,
5,Broadband PCS C Block,184,309,"Muncie, IN","3,195","2,396",ComVent   ,74,,,,
5,Broadband PCS C Block,184,310,"Muskegon, MI","3,545","2,659",DCR       ,73,,,,
5,Broadband PCS C Block,184,311,"Muskogee, OK","7,873","5,905",CookWest  ,123,,,,
5,Broadband PCS C Block,184,312,"Myrtle Beach, SC","7,371","5,528",Carolina  ,73,,,,
5,Broadband PCS C Block,184,313,"Naples, FL","9,924","7,443",GWI       ,74,,,,
5,Broadband PCS C Block,184,314,"Nashville, TN","80,164","60,123",ChaseTel  ,37,,,,
5,Broadband PCS C Block,184,315,"Natchez, MS",988,741,Reserve   ,76,,,,
5,Broadband PCS C Block,184,316,"New Bern, NC","2,910","2,183",UrbanC    ,67,,,,
5,Broadband PCS C Block,184,317,"New Castle, PA","2,916","2,187",Devon     ,126,,,,
5,Broadband PCS C Block,184,318,"New Haven, CT","55,850","41,888",NextWave  ,91,,,,
5,Broadband PCS C Block,184,319,"New London, CT","15,031","11,273",NextWave  ,157,,,,
5,Broadband PCS C Block,184,320,"New Orleans, LA","70,420","52,815",DCR       ,63,,,,
5,Broadband PCS C Block,184,321,"New York, NY","1,325,513","994,135",NextWave  ,59,,,,
5,Broadband PCS C Block,184,322,"Nogales, AZ","1,654","1,241",CHPCS     ,78,,,,
5,Broadband PCS C Block,184,323,"Norfolk, NE","1,086",815,UsaMicro  ,87,,,,
5,Broadband PCS C Block,184,324,"Norfolk, VA","87,569","65,677",NextWave  ,54,,,,
5,Broadband PCS C Block,184,325,"North Platte, NE","2,066","1,549",21Century ,77,,,,
5,Broadband PCS C Block,184,493,Northern Mariana Is,563,422,DCR       ,116,,,,
5,Broadband PCS C Block,184,326,"Ocala, FL","7,686","5,765",AerForce  ,111,,,,
5,Broadband PCS C Block,184,327,"Odessa, TX","4,878","3,659",PokaLam   ,109,,,,
5,Broadband PCS C Block,184,328,"Oil City, PA","1,899","1,424",Devon     ,89,,,,
5,Broadband PCS C Block,184,329,"Oklahoma City, OK","41,911","31,433",NextWave  ,58,,,,
5,Broadband PCS C Block,184,330,"Olean, NY","6,263","4,697",NEngldW   ,80,,,,
5,Broadband PCS C Block,184,331,"Olympia, WA","22,032","16,524",BDPCS     ,147,,,,
5,Broadband PCS C Block,184,332,"Omaha, NE","33,747","25,310",DCR       ,75,,,,
5,Broadband PCS C Block,184,333,"Oneonta, NY","2,606","1,955",21Century ,169,,,,
5,Broadband PCS C Block,184,334,"Opelika, AL","1,189",892,Enterprise,25,,,,
5,Broadband PCS C Block,184,335,"Orangeburg, SC","1,526","1,144",Carolina  ,103,,,,
5,Broadband PCS C Block,184,336,"Orlando, FL","93,185","69,889",NextWave  ,75,,,,
5,Broadband PCS C Block,184,337,"Ottumwa, IA",497,373,BRK       ,72,,,,
5,Broadband PCS C Block,184,338,"Owensboro, KY","3,291","2,468",SETel     ,98,,,,
5,Broadband PCS C Block,184,339,"Paducah, KY","3,223","2,417",SETel     ,83,,,,
5,Broadband PCS C Block,184,340,"Panama City, FL","5,480","4,110",SEWire    ,83,,,,
5,Broadband PCS C Block,184,341,"Paris, TX","3,057","2,293",OnQue     ,114,,,,
5,Broadband PCS C Block,184,342,"Parkersburg, WV","2,528","1,896",Chillicoth,75,,,,
5,Broadband PCS C Block,184,343,"Pensacola, FL","19,813","14,860",TriState  ,51,,,,
5,Broadband PCS C Block,184,344,"Peoria, IL","18,015","13,511",R&S       ,90,,,,
5,Broadband PCS C Block,184,345,"Petoskey, MI",704,528,NoverrPb  ,58,,,,
5,Broadband PCS C Block,184,346,"Philadelphia, PA","426,985","320,239",Omnipoint ,45,,,,
5,Broadband PCS C Block,184,347,"Phoenix, AZ","237,024","177,768",BDPCS     ,57,,,,
5,Broadband PCS C Block,184,348,"Pine Bluff, AR","2,041","1,531",Omnipoint ,143,,,,
5,Broadband PCS C Block,184,349,"Pittsburg, KS",174,131,DCR       ,167,,,,
5,Broadband PCS C Block,184,350,"Pittsburgh, PA","87,170","65,378",NextWave  ,71,,,,
5,Broadband PCS C Block,184,351,"Pittsfield, MA","4,003","3,002",Omnipoint ,78,,,,
5,Broadband PCS C Block,184,352,"Plattsburgh, NY","1,710","1,283",WireVent  ,112,,,,
5,Broadband PCS C Block,184,353,"Pocatello, ID","1,360","1,020",HighCnty  ,75,,,,
5,Broadband PCS C Block,184,354,"Ponca City, OK",416,312,GuestMark ,81,,,,
5,Broadband PCS C Block,184,355,"Poplar Bluff, MO","1,842","1,382",DCR       ,91,,,,
5,Broadband PCS C Block,184,356,"Port Angeles, WA",796,597,CookWest  ,145,,,,
5,Broadband PCS C Block,184,357,"Portland, ME","18,032","13,524",NextWave  ,85,,,,
5,Broadband PCS C Block,184,358,"Portland, OR","136,638","102,479",BDPCS     ,74,,,,
5,Broadband PCS C Block,184,359,"Portsmouth, OH","1,671","1,253",WireVent  ,173,,,,
5,Broadband PCS C Block,184,360,"Pottsville, PA","6,082","4,562",Omnipoint ,80,,,,
5,Broadband PCS C Block,184,361,"Poughkeepsie, NY","18,111","13,583",NextWave  ,112,,,,
5,Broadband PCS C Block,184,362,"Prescott, AZ","6,100","4,575",CHPCS     ,160,,,,
5,Broadband PCS C Block,184,363,"Presque Isle, ME",750,563,Quantum   ,75,,,,
5,Broadband PCS C Block,184,364,"Providence, RI","85,509","64,132",NextWave  ,44,,,,
5,Broadband PCS C Block,184,365,"Provo, UT","8,904","6,678",PCS2000   ,139,,,,
5,Broadband PCS C Block,184,366,"Pueblo, CO","6,656","4,992",MountSol  ,67,,,,
5,Broadband PCS C Block,184,367,"Quincy, IL","2,042","1,532",Roberts   ,61,,,,
5,Broadband PCS C Block,184,368,"Raleigh, NC","62,599","46,949",UrbanC    ,72,,,,
5,Broadband PCS C Block,184,369,"Rapid City, SD","1,960","1,470",MCG       ,93,,,,
5,Broadband PCS C Block,184,370,"Reading, PA","20,041","15,031",Omnipoint ,84,,,,
5,Broadband PCS C Block,184,371,"Redding, CA","6,001","4,501",PCS2000   ,83,,,,
5,Broadband PCS C Block,184,372,"Reno, NV","37,070","27,803",PCS2000   ,162,,,,
5,Broadband PCS C Block,184,373,"Richmond, IN","1,140",855,WireVent  ,177,,,,
5,Broadband PCS C Block,184,374,"Richmond, VA","68,567","51,425",NextWave  ,54,,,,
5,Broadband PCS C Block,184,375,"Riverton, WY",531,398,RTCom     ,42,,,,
5,Broadband PCS C Block,184,377,"Roanoke Rapids, NC",856,642,UrbanC    ,143,,,,
5,Broadband PCS C Block,184,376,"Roanoke, VA","25,866","19,400",NextWave  ,58,,,,
5,Broadband PCS C Block,184,378,"Rochester, MN","5,852","4,389",Fortunet  ,63,,,,
5,Broadband PCS C Block,184,379,"Rochester, NY","36,340","27,255",Omnipoint ,73,,,,
5,Broadband PCS C Block,184,381,"Rock Springs, WY","1,132",849,MountSol  ,96,,,,
5,Broadband PCS C Block,184,380,"Rockford, IL","19,244","14,433",DCR       ,73,,,,
5,Broadband PCS C Block,184,382,"Rocky Mount, NC","2,192","1,644",UrbanC    ,67,,,,
5,Broadband PCS C Block,184,383,"Rolla, MO","1,073",805,Roberts   ,108,,,,
5,Broadband PCS C Block,184,384,"Rome, GA","2,112","1,584",SEWire    ,85,,,,
5,Broadband PCS C Block,184,385,"Roseburg, OR","2,212","1,659",Americall ,146,,,,
5,Broadband PCS C Block,184,386,"Roswell, NM","1,566","1,175",PVTWire   ,93,,,,
5,Broadband PCS C Block,184,387,"Russellvile, AR",776,582,PCSPlus   ,93,,,,
5,Broadband PCS C Block,184,388,"Rutland, VT","3,801","2,850",PerComN   ,125,,,,
5,Broadband PCS C Block,184,389,"Sacramento, CA","145,110","108,833",GWI       ,78,,,,
5,Broadband PCS C Block,184,390,"Saginaw, MI","16,185","12,139",Anishnabe ,72,,,,
5,Broadband PCS C Block,184,395,"Salem, OR ","20,260","15,195",BDPCS     ,84,,,,
5,Broadband PCS C Block,184,396,"Salina, KS","1,601","1,201",AerForce  ,81,,,,
5,Broadband PCS C Block,184,397,"Salinas, CA","21,962","16,472",GWI       ,149,,,,
5,Broadband PCS C Block,184,398,"Salisbury, MD","6,505","4,879",AerForce  ,114,,,,
5,Broadband PCS C Block,184,399,"Salt Lake City, UT","109,725","82,294",PCS2000   ,83,,,,
5,Broadband PCS C Block,184,400,"San Angelo, TX","3,963","2,972",PokaLam   ,72,,,,
5,Broadband PCS C Block,184,401,"San Antonio, TX","105,534","79,151",NextWave  ,116,,,,
5,Broadband PCS C Block,184,402,"San Diego, CA","164,112","123,084",NextWave  ,71,,,,
5,Broadband PCS C Block,184,404,"San Francisco, CA","537,675","403,256",GWI       ,51,,,,
5,Broadband PCS C Block,184,488,"San Juan, PR","112,917","84,688",PCS2000   ,58,,,,
5,Broadband PCS C Block,184,405,"San Luis Obispo, CA","13,188","9,891",Alpine    ,104,,,,
5,Broadband PCS C Block,184,403,"Sandusky, OH","4,500","3,375",DCR       ,160,,,,
5,Broadband PCS C Block,184,406,"Santa Barbara, CA","25,601","19,201",Alpine    ,158,,,,
5,Broadband PCS C Block,184,407,"Santa Fe, NM","8,390","6,293",BDPCS     ,96,,,,
5,Broadband PCS C Block,184,408,"Sarasota, FL","34,037","25,528",NextWave  ,130,,,,
5,Broadband PCS C Block,184,409,"Sault Ste. Marie, MI","1,239",929,NMich     ,143,,,,
5,Broadband PCS C Block,184,410,"Savannah, GA","26,500","19,875",SWireless ,24,,,,
5,Broadband PCS C Block,184,411,"Scottsbluff, NE","1,147",860,WireTelC  ,82,,,,
5,Broadband PCS C Block,184,412,"Scranton, PA","21,215","15,911",NextWave  ,71,,,,
5,Broadband PCS C Block,184,413,"Seattle, WA","265,482","199,112",BDPCS     ,72,,,,
5,Broadband PCS C Block,184,414,"Sedalia, MO",594,446,Roberts   ,79,,,,
5,Broadband PCS C Block,184,415,"Selma, AL",590,443,Alabama   ,35,,,,
5,Broadband PCS C Block,184,416,"Sharon, PA","2,378","1,784",Devon     ,131,,,,
5,Broadband PCS C Block,184,417,Sheboygan WI,"3,342","2,507",WirePCS   ,156,,,,
5,Broadband PCS C Block,184,418,"Sherman, TX","7,994","5,996",CookWest  ,125,,,,
5,Broadband PCS C Block,184,419,"Shreveport, LA","17,235","12,926",DCR       ,71,,,,
5,Broadband PCS C Block,184,420,"Sierra Vista, AZ","2,990","2,243",CHPCS     ,88,,,,
5,Broadband PCS C Block,184,421,"Sioux City , IA","6,652","4,989",Polycell  ,84,,,,
5,Broadband PCS C Block,184,422,"Sioux Falls, SD","6,863","5,147",Brookings ,89,,,,
5,Broadband PCS C Block,184,423,"Somerset, KY","2,030","1,523",SETel     ,77,,,,
5,Broadband PCS C Block,184,424,"South Bend, IN","17,636","13,227",21Century ,36,,,,
5,Broadband PCS C Block,184,425,"Spokane, Wa","15,711","11,783",CookWest  ,73,,,,
5,Broadband PCS C Block,184,426,"Springfield, IL","10,201","7,651",DCR       ,91,,,,
5,Broadband PCS C Block,184,427,"Springfield, MA","29,994","22,496",Omnipoint ,112,,,,
5,Broadband PCS C Block,184,428,"Springfield, MO","15,135","11,351",NextWave  ,77,,,,
5,Broadband PCS C Block,184,391,"St Cloud, MN","14,009","10,507",BDPCS     ,183,,,,
5,Broadband PCS C Block,184,392,"St George, UT","3,363","2,522",PCSPlus   ,96,,,,
5,Broadband PCS C Block,184,393,"St Joseph, MO","3,667","2,750",RLV       ,113,,,,
5,Broadband PCS C Block,184,394,"St Louis, MO","139,234","104,426",DCR       ,30,,,,
5,Broadband PCS C Block,184,429,"State College, PA","3,463","2,597",Omnipoint ,71,,,,
5,Broadband PCS C Block,184,430,"Staunton, VA","2,516","1,887",Devon     ,87,,,,
5,Broadband PCS C Block,184,431,"Steubenville, OH","1,628","1,221",Americall ,93,,,,
5,Broadband PCS C Block,184,432,"Stevens Point, WI","4,376","3,282",WirePCS   ,74,,,,
5,Broadband PCS C Block,184,433,"Stillwater, OK","1,230",923,MBO       ,69,,,,
5,Broadband PCS C Block,184,434,"Stockton, CA","33,204","24,903",GWI       ,102,,,,
5,Broadband PCS C Block,184,435,"Stroudsburg, PA","2,172","1,629",MFRI      ,101,,,,
5,Broadband PCS C Block,184,436,"Sumter, SC","1,993","1,495",Carolina  ,103,,,,
5,Broadband PCS C Block,184,437,"Sunbury, PA","6,122","4,592",Omnipoint ,84,,,,
5,Broadband PCS C Block,184,438,"Syracuse, NY","22,552","16,914",21Century ,74,,,,
5,Broadband PCS C Block,184,439,"Tallahassee, FL","28,890","21,668",SEWire    ,123,,,,
5,Broadband PCS C Block,184,440,"Tampa, FL","130,452","97,839",NextWave  ,32,,,,
5,Broadband PCS C Block,184,441,"Temple, TX","6,030","4,523",NextWave  ,120,,,,
5,Broadband PCS C Block,184,442,"Terre Haute, IN","7,126","5,345",21Century ,119,,,,
5,Broadband PCS C Block,184,443,"Texarkana, TX","3,681","2,761",DCR       ,65,,,,
5,Broadband PCS C Block,184,444,"Toledo, OH","24,409","18,307",DCR       ,85,,,,
5,Broadband PCS C Block,184,445,"Topeka, KS","11,277","8,458",Kansas    ,87,,,,
5,Broadband PCS C Block,184,446,"Traverse City, MI","4,866","3,650",NoverrPb  ,119,,,,
5,Broadband PCS C Block,184,447,"Tucson, AZ","32,693","24,520",BDPCS     ,61,,,,
5,Broadband PCS C Block,184,448,"Tulsa, OK","42,492","31,869",CookWest  ,117,,,,
5,Broadband PCS C Block,184,449,"Tupelo, MS","6,027","4,520",Eldorado  ,98,,,,
5,Broadband PCS C Block,184,450,"Tuscaloosa, AL","6,200","4,650",MercuryP  ,73,,,,
5,Broadband PCS C Block,184,451,"Twin Falls, ID","3,432","2,574",HighCnty  ,75,,,,
5,Broadband PCS C Block,184,452,"Tyler, TX","12,868","9,651",DCR       ,160,,,,
5,Broadband PCS C Block,184,491,US Virgin Islands,"10,397","7,798",Windkeep  ,90,,,,
5,Broadband PCS C Block,184,453,"Utica, NY","9,000","6,750",21Century ,134,,,,
5,Broadband PCS C Block,184,454,"Valdosta, GA","2,252","1,689",SOwega    ,82,,,,
5,Broadband PCS C Block,184,455,"Vicksburg, MS","1,136",852,PCSouth   ,76,,,,
5,Broadband PCS C Block,184,456,"Vicotria, TX","3,069","2,302",Integrated,166,,,,
5,Broadband PCS C Block,184,457,"Vincennes, IN",640,480,21Century ,167,,,,
5,Broadband PCS C Block,184,458,"Visalia, CA","12,495","9,371",PCS2000   ,89,,,,
5,Broadband PCS C Block,184,469,"W Palm Beach, FL","67,484","50,613",GWI       ,70,,,,
5,Broadband PCS C Block,184,459,"Waco, TX","7,853","5,890",AerForce  ,144,,,,
5,Broadband PCS C Block,184,460,"Walla Walla, WA","1,747","1,310",CookWest  ,75,,,,
5,Broadband PCS C Block,184,461,"Washington, DC","346,793","260,095",NextWave  ,71,,,,
5,Broadband PCS C Block,184,462,"Waterloo, IA","3,831","2,873",WirePCS   ,70,,,,
5,Broadband PCS C Block,184,463,"Watertown, NY","4,863","3,647",21Century ,163,,,,
5,Broadband PCS C Block,184,464,"Watertown, SD",713,535,Brookings ,85,,,,
5,Broadband PCS C Block,184,465,"Waterville, ME","2,615","1,961",PerComN   ,72,,,,
5,Broadband PCS C Block,184,466,"Wausau, WI","5,209","3,907",WirePCS   ,74,,,,
5,Broadband PCS C Block,184,467,"Waycross, GA",769,577,Savannah  ,82,,,,
5,Broadband PCS C Block,184,468,"Wenatchee, WA","1,187",890,CookWest  ,70,,,,
5,Broadband PCS C Block,184,470,"West Plains, MO",350,263,Roberts   ,75,,,,
5,Broadband PCS C Block,184,471,"Wheeling, WV","2,700","2,025",Americall ,149,,,,
5,Broadband PCS C Block,184,473,"Wichita Falls, TX","5,723","4,292",CookWest  ,79,,,,
5,Broadband PCS C Block,184,472,"Wichita, KS","12,843","9,632",Omnipoint ,66,,,,
5,Broadband PCS C Block,184,474,"Williamson, WV","1,871","1,403",SETel     ,79,,,,
5,Broadband PCS C Block,184,475,"Williamsport, PA","2,989","2,242",Omnipoint ,73,,,,
5,Broadband PCS C Block,184,476,"Williston, ND",617,463,McBride   ,59,,,,
5,Broadband PCS C Block,184,477,"Wilmar, MN",683,512,SWMinn    ,58,,,,
5,Broadband PCS C Block,184,478,"Wilmington, NC","7,543","5,657",UrbanC    ,104,,,,
5,Broadband PCS C Block,184,479,"Winchester, VA","6,638","4,979",Virginia  ,81,,,,
5,Broadband PCS C Block,184,480,"Worcester, MA","38,285","28,714",NextWave  ,113,,,,
5,Broadband PCS C Block,184,481,"Worthington, MN",454,341,CookWest  ,148,,,,
5,Broadband PCS C Block,184,482,"Yakima, WA","4,744","3,558",CookWest  ,123,,,,
5,Broadband PCS C Block,184,483,"York, PA","12,060","9,045",Omnipoint ,71,,,,
5,Broadband PCS C Block,184,484,"Youngstown, OH","16,079","12,059",R&S       ,78,,,,
5,Broadband PCS C Block,184,485,"Yuba City, CA","3,424","2,568",GWI       ,151,,,,
5,Broadband PCS C Block,184,486,"Yuma, AZ","7,250","5,438",CHPCS     ,163,,,,
5,Broadband PCS C Block,184,487,"Zanesville, OH","1,869","1,402",Chillicoth,63,,,,
,,,,,,,,,,,,